{"cameraMode":{"drawMode":0,"name":"Shaded","section":"Shading Mode"},"sceneLighting":false,"audioPlay":false,"sceneViewState":{"m_AlwaysRefresh":false,"showFog":false,"showSkybox":false,"showFlares":false,"showImageEffects":false,"showParticleSystems":false,"showVisualEffectGraphs":true,"m_FxEnabled":true},"in2DMode":false,"pivot":{"x":-0.08126255869865418,"y":1.4089527130126954,"z":-0.10877370834350586},"rotation":{"x":0.0004438161267898977,"y":-0.9924029111862183,"z":0.12299704551696778,"w":0.0035790051333606245},"size":1.0287023782730103,"orthographic":false}