{"cameraMode":{"drawMode":0,"name":"Shaded","section":"Shading Mode"},"sceneLighting":false,"audioPlay":false,"sceneViewState":{"m_AlwaysRefresh":false,"showFog":true,"showSkybox":false,"showFlares":true,"showImageEffects":true,"showParticleSystems":true,"showVisualEffectGraphs":true,"m_FxEnabled":true},"in2DMode":false,"pivot":{"x":-4.2049214243888857e-7,"y":0.0010950872674584389,"z":2.423767000436783e-7},"rotation":{"x":0.23804855346679688,"y":0.5992938876152039,"z":-0.19289346039295197,"w":0.7395786643028259},"size":0.26139378547668459,"orthographic":false}