{"cameraMode":{"drawMode":0,"name":"Shaded","section":"Shading Mode"},"sceneLighting":false,"audioPlay":false,"sceneViewState":{"m_AlwaysRefresh":false,"showFog":true,"showSkybox":true,"showFlares":true,"showImageEffects":true,"showParticleSystems":true,"showVisualEffectGraphs":true,"m_FxEnabled":true},"in2DMode":false,"pivot":{"x":56.6954231262207,"y":25.378602981567384,"z":100.601318359375},"rotation":{"x":0.25914841890335085,"y":-0.09399569034576416,"z":0.025486605241894723,"w":0.9610158205032349},"size":106.15632629394531,"orthographic":false}