{"cameraMode":{"drawMode":0,"name":"Shaded","section":"Shading Mode"},"sceneLighting":false,"audioPlay":false,"sceneViewState":{"m_AlwaysRefresh":false,"showFog":true,"showSkybox":true,"showFlares":true,"showImageEffects":true,"showParticleSystems":true,"showVisualEffectGraphs":true,"m_FxEnabled":true},"in2DMode":false,"pivot":{"x":-7.982322692871094,"y":58.613182067871097,"z":-873.2189331054688},"rotation":{"x":0.26759541034698489,"y":-0.10926446318626404,"z":0.030555110424757005,"w":0.9568408727645874},"size":56.729949951171878,"orthographic":false}