{"cameraMode":{"drawMode":0,"name":"Shaded","section":"Shading Mode"},"sceneLighting":false,"audioPlay":false,"sceneViewState":{"m_AlwaysRefresh":false,"showFog":true,"showSkybox":true,"showFlares":true,"showImageEffects":true,"showParticleSystems":true,"showVisualEffectGraphs":true,"m_FxEnabled":true},"in2DMode":false,"pivot":{"x":-89.75601959228516,"y":346.77508544921877,"z":-394.5982360839844},"rotation":{"x":0.07252975553274155,"y":-0.09113088250160217,"z":0.006655440200120211,"w":0.9931772947311401},"size":126.59070587158203,"orthographic":false}