{"cameraMode":{"drawMode":0,"name":"Shaded","section":"Shading Mode"},"sceneLighting":false,"audioPlay":false,"sceneViewState":{"m_AlwaysRefresh":false,"showFog":true,"showSkybox":true,"showFlares":true,"showImageEffects":true,"showParticleSystems":true,"showVisualEffectGraphs":true,"m_FxEnabled":true},"in2DMode":false,"pivot":{"x":-17.174503326416017,"y":-5.001537322998047,"z":-623.6156005859375},"rotation":{"x":-0.12219147384166718,"y":0.08949233591556549,"z":-0.011061706580221653,"w":-0.9884119033813477},"size":108.08980560302735,"orthographic":false}