{"cameraMode":{"drawMode":0,"name":"Shaded","section":"Shading Mode"},"sceneLighting":false,"audioPlay":false,"sceneViewState":{"m_AlwaysRefresh":false,"showFog":true,"showSkybox":true,"showFlares":true,"showImageEffects":true,"showParticleSystems":true,"showVisualEffectGraphs":true,"m_FxEnabled":true},"in2DMode":false,"pivot":{"x":68.0698471069336,"y":-234.21726989746095,"z":-134.9495086669922},"rotation":{"x":0.18034930527210236,"y":0.040708400309085849,"z":-0.007470602169632912,"w":0.9827325940132141},"size":490.98333740234377,"orthographic":false}