{"cameraMode":{"drawMode":0,"name":"Shaded","section":"Shading Mode"},"sceneLighting":false,"audioPlay":false,"sceneViewState":{"m_AlwaysRefresh":false,"showFog":true,"showSkybox":true,"showFlares":true,"showImageEffects":true,"showParticleSystems":true,"showVisualEffectGraphs":true,"m_FxEnabled":true},"in2DMode":false,"pivot":{"x":10.451513290405274,"y":38.56011199951172,"z":340.49371337890627},"rotation":{"x":0.09873181581497193,"y":0.046255726367235187,"z":-0.004594057332724333,"w":0.9940294623374939},"size":30.02427864074707,"orthographic":false}