{"cameraMode":{"drawMode":0,"name":"Shaded","section":"Shading Mode"},"sceneLighting":false,"audioPlay":false,"sceneViewState":{"m_AlwaysRefresh":false,"showFog":true,"showSkybox":true,"showFlares":true,"showImageEffects":true,"showParticleSystems":true,"showVisualEffectGraphs":true,"m_FxEnabled":true},"in2DMode":false,"pivot":{"x":1.347463607788086,"y":49.47502136230469,"z":395.2477722167969},"rotation":{"x":-0.043483950197696689,"y":0.010489966720342636,"z":0.0004568652075249702,"w":0.9989988207817078},"size":63.489707946777347,"orthographic":false}