{"cameraMode":{"drawMode":0,"name":"Shaded","section":"Shading Mode"},"sceneLighting":false,"audioPlay":false,"sceneViewState":{"m_AlwaysRefresh":false,"showFog":true,"showSkybox":true,"showFlares":true,"showImageEffects":true,"showParticleSystems":true,"showVisualEffectGraphs":true,"m_FxEnabled":true},"in2DMode":false,"pivot":{"x":-11.964580535888672,"y":-58.58460235595703,"z":-416.78521728515627},"rotation":{"x":-0.13600169122219087,"y":0.032979998737573627,"z":-0.004530404694378376,"w":-0.9901525974273682},"size":270.96990966796877,"orthographic":false}