{"cameraMode":{"drawMode":0,"name":"Shaded","section":"Shading Mode"},"sceneLighting":true,"audioPlay":false,"sceneViewState":{"m_AlwaysRefresh":false,"showFog":true,"showSkybox":true,"showFlares":true,"showImageEffects":true,"showParticleSystems":true,"showVisualEffectGraphs":true,"m_FxEnabled":true},"in2DMode":false,"pivot":{"x":-36.55384063720703,"y":86.73753356933594,"z":308.6156005859375},"rotation":{"x":-0.08214426785707474,"y":0.11692539602518082,"z":-0.009705540724098683,"w":-0.9896954894065857},"size":109.85877990722656,"orthographic":false}