{"cameraMode":{"drawMode":0,"name":"Shaded","section":"Shading Mode"},"sceneLighting":false,"audioPlay":false,"sceneViewState":{"m_AlwaysRefresh":false,"showFog":true,"showSkybox":true,"showFlares":true,"showImageEffects":true,"showParticleSystems":true,"showVisualEffectGraphs":true,"m_FxEnabled":true},"in2DMode":false,"pivot":{"x":20.89339828491211,"y":65.02012634277344,"z":340.9851989746094},"rotation":{"x":-0.005999194923788309,"y":0.014999176375567913,"z":0.00009027827036334202,"w":0.9998711347579956},"size":30.915433883666993,"orthographic":false}