{"cameraMode":{"drawMode":0,"name":"Shaded","section":"Shading Mode"},"sceneLighting":false,"audioPlay":false,"sceneViewState":{"m_AlwaysRefresh":false,"showFog":true,"showSkybox":true,"showFlares":true,"showImageEffects":true,"showParticleSystems":true,"showVisualEffectGraphs":true,"m_FxEnabled":true},"in2DMode":false,"pivot":{"x":0.8456953763961792,"y":32.94853210449219,"z":350.531494140625},"rotation":{"x":0.010497793555259705,"y":0.019497720524668695,"z":-0.00020448652503546327,"w":0.9997555017471314},"size":37.99159240722656,"orthographic":false}